[
  {
    "email": "francis.wanandi@imsport.id",
    "nomor_kta": "230731-093185311",
    "nama_perusahaan": "PT INA PRODUK INDONESIA",
    "nama_lengkap": "Francis Wanandi",
    "bidang/badan": "Hubungan Internasional",
    "status": ""
  },
  {
    "email": "muftihamka@gmail.com",
    "nomor_kta": "230729-096093",
    "nama_perusahaan": "PT Hati Internasional",
    "nama_lengkap": "Mufti Hamka",
    "bidang/badan": "Hubungan Internasional",
    "status": ""
  },
  {
    "email": "r.radjab@yahoo.com",
    "nomor_kta": "20203-2214313700",
    "nama_perusahaan": "PT KREASINDO RESOURCES INDONESIA",
    "nama_lengkap": "Rudy Radjab",
    "bidang/badan": "Hubungan Internasional",
    "status": ""
  },
  {
    "email": "ridwanhamid@gmail.com",
    "nomor_kta": "20201-2211310261",
    "nama_perusahaan": "PT. Sarana Portal Indonesia",
    "nama_lengkap": "Ridwan Hamid",
    "bidang/badan": "Hubungan Internasional",
    "status": ""
  },
  {
    "email": "epc@emsindo.co.id",
    "nomor_kta": "20203-97026177",
    "nama_perusahaan": "PT. Emsindo Pola Citra",
    "nama_lengkap": "Ir. Elfiwadri C Tanjung",
    "bidang/badan": "Hubungan Internasional",
    "status": ""
  },
  {
    "email": "helga.kumontoy@gmail.com",
    "nomor_kta": "230705-098566",
    "nama_perusahaan": "Strategic Global",
    "nama_lengkap": "Helga Kumontoy",
    "bidang/badan": "Hubungan Internasional",
    "status": ""
  },
  {
    "email": "novitha.rachman@gmail.com",
    "nomor_kta": "20203-23093163411",
    "nama_perusahaan": "PT. GRAHA ALBROS",
    "nama_lengkap": "Jay Abdullah Alatas",
    "bidang/badan": "Hubungan Internasional",
    "status": ""
  },
  {
    "email": "lahaninovasiindonesia@gmail.com",
    "nomor_kta": "20203-23093164811",
    "nama_perusahaan": "LAHAN INOVASI INDONESIA",
    "nama_lengkap": "Moehsein Saleh Badegel",
    "bidang/badan": "Hubungan Internasional",
    "status": ""
  },
  {
    "email": "dharma.djojonegoro@adaro.com",
    "nomor_kta": "20203-2217310715",
    "nama_perusahaan": "PT Adaro Power",
    "nama_lengkap": "Dharma Hutama Djojonegoro",
    "bidang/badan": "Hubungan Internasional",
    "status": ""
  },
  {
    "email": "sutikno.sanusi@gmail.com",
    "nomor_kta": "20202-01042231",
    "nama_perusahaan": "PT. Tasan Megah Pratama Internasional",
    "nama_lengkap": "Sutikno Sanusi",
    "bidang/badan": "Hubungan Internasional",
    "status": ""
  },
  {
    "email": "mohbwz@yahoo.com",
    "nomor_kta": "20204-89012845",
    "nama_perusahaan": "PT. INDRILLCO BAKTI",
    "nama_lengkap": "MOHAMAD BAWAZEER",
    "bidang/badan": "Hubungan Internasional",
    "status": ""
  },
  {
    "email": "siska6728@yahoo.com",
    "nomor_kta": "20203-2124281669",
    "nama_perusahaan": "PT CRISTALIA EISHA",
    "nama_lengkap": "Dtn Siska Husein",
    "bidang/badan": "Hubungan Internasional",
    "status": ""
  },
  {
    "email": "dhany.novianto@akhatara.com",
    "nomor_kta": "20203-23093185911",
    "nama_perusahaan": "PT Arungi Khatulistiwa Nusantara",
    "nama_lengkap": "Dhany Novianto",
    "bidang/badan": "Hubungan Internasional",
    "status": ""
  },
  {
    "email": "didit.ratam@fortitude.id",
    "nomor_kta": "20105-10000046",
    "nama_perusahaan": "PT. Binder Indonesia",
    "nama_lengkap": "Didit A. Ratam",
    "bidang/badan": "Hubungan Internasional",
    "status": ""
  },
  {
    "email": "diono.nurjadin@cardig.com",
    "nomor_kta": "20203-16099745",
    "nama_perusahaan": "PT. Sanvest Satva Indonesia",
    "nama_lengkap": "Diono Nurjadin",
    "bidang/badan": "Hubungan Internasional",
    "status": ""
  },
  {
    "email": "yanthitambunan@gmail.com",
    "nomor_kta": "230731-23305883",
    "nama_perusahaan": "PT. Atseries Raya Indonesia",
    "nama_lengkap": "Ellyanthi Tambunan",
    "bidang/badan": "Hubungan Internasional",
    "status": ""
  },
  {
    "email": "",
    "nomor_kta": "20606-2212313306",
    "nama_perusahaan": "PIARA NERO RASTA, PT",
    "nama_lengkap": "SOEGIHARTO OERIPAN",
    "bidang/badan": "Hubungan Internasional",
    "status": ""
  },
  {
    "email": "indochambervn@gmail.com",
    "nomor_kta": "20205-2219310528",
    "nama_perusahaan": "PT SATYAGRAHA PRATAMAHADI",
    "nama_lengkap": "Edwin Setiawan Tjie",
    "bidang/badan": "Hubungan Internasional",
    "status": ""
  },
  {
    "email": "jshyundaimobil@yahoo.com",
    "nomor_kta": "20203-2219310768",
    "nama_perusahaan": "PT. Panji Rama Otomotif",
    "nama_lengkap": "Jongkie Sugiarto",
    "bidang/badan": "Hubungan Internasional",
    "status": ""
  },
  {
    "email": "dessi.sari@starcapital.co.id",
    "nomor_kta": "20201-2124287636",
    "nama_perusahaan": "PT Sinar Multhiartha Tbk",
    "nama_lengkap": "Mochtar Suhadi",
    "bidang/badan": "Badan pengembangan Keuangan Digital",
    "status": ""
  },
  {
    "email": "Reza.achmad.maulana@gmail.com",
    "nomor_kta": "20201-14101338",
    "nama_perusahaan": "PT DIGIVLA INDONESIA",
    "nama_lengkap": "REZA A. MAULANA, SE, MSC",
    "bidang/badan": "Hubungan Internasional",
    "status": ""
  },
  {
    "email": "alex.datuk@gmail.com",
    "nomor_kta": "20203-13098552",
    "nama_perusahaan": "PT. Barisan Niaga",
    "nama_lengkap": "Alex yahya Datuk",
    "bidang/badan": "Hubungan Internasional",
    "status": ""
  },
  {
    "email": "chandbnk@gmail.com",
    "nomor_kta": "20205-16099411",
    "nama_perusahaan": "PT. OMS Jasa Indonesia",
    "nama_lengkap": "Fakir Chan",
    "bidang/badan": "Hubungan Internasional",
    "status": ""
  },
  {
    "email": "suteja@jababeka.com",
    "nomor_kta": "20121-2129286968",
    "nama_perusahaan": "PT Indocargo Persada",
    "nama_lengkap": "Sutedja Sidarta Darmono",
    "bidang/badan": "Badan Pengembangan Kawasan Properti Terpadu",
    "status": ""
  },
  {
    "email": "theresia.rustandi@gmail.com",
    "nomor_kta": "20201-2133270897",
    "nama_perusahaan": "PT Intiland Development Tbk",
    "nama_lengkap": "Theresia Rustandi",
    "bidang/badan": "Badan Pengembangan Kawasan Properti Terpadu",
    "status": ""
  },
  {
    "email": "smaharso@yahoo.com",
    "nomor_kta": "20204-2125305438",
    "nama_perusahaan": "PT Reka Jaya Propertindo",
    "nama_lengkap": "Setyo Maharso",
    "bidang/badan": "Badan Pengembangan Kawasan Properti Terpadu",
    "status": ""
  },
  {
    "email": "",
    "nomor_kta": "",
    "nama_perusahaan": "",
    "nama_lengkap": "Wahyu Affandi Harun",
    "bidang/badan": "Badan Pengembangan Kawasan Properti Terpadu",
    "status": ""
  },
  {
    "email": "",
    "nomor_kta": "",
    "nama_perusahaan": "",
    "nama_lengkap": "Aldi Haryopratomo",
    "bidang/badan": "Kewirausahaan",
    "status": ""
  },
  {
    "email": "",
    "nomor_kta": "",
    "nama_perusahaan": "",
    "nama_lengkap": "Chrisma Albandjar",
    "bidang/badan": "Kewirausahaan",
    "status": ""
  },
  {
    "email": "",
    "nomor_kta": "",
    "nama_perusahaan": "",
    "nama_lengkap": "Hanifah Albandjar",
    "bidang/badan": "Kewirausahaan",
    "status": ""
  },
  {
    "email": "",
    "nomor_kta": "",
    "nama_perusahaan": "",
    "nama_lengkap": "Tiara Dushinka",
    "bidang/badan": "Lingkungan Hidup dan Kehutanan (LHK)",
    "status": ""
  },
  {
    "email": "",
    "nomor_kta": "",
    "nama_perusahaan": "",
    "nama_lengkap": "Tigor M. Siahaan",
    "bidang/badan": "Badan Kebijakan Moneter dan Jasa Keuangan (BKMJK)",
    "status": ""
  },
  {
    "email": "",
    "nomor_kta": "",
    "nama_perusahaan": "",
    "nama_lengkap": "Rudy Hutagalung",
    "bidang/badan": "Badan Kebijakan Moneter dan Jasa Keuangan (BKMJK)",
    "status": ""
  },
  {
    "email": "",
    "nomor_kta": "",
    "nama_perusahaan": "",
    "nama_lengkap": "Juan Permata Adoe",
    "bidang/badan": "Perdagangan",
    "status": ""
  },
  {
    "email": "",
    "nomor_kta": "",
    "nama_perusahaan": "",
    "nama_lengkap": "R. Samulo",
    "bidang/badan": "Perdagangan",
    "status": ""
  },
  {
    "email": "",
    "nomor_kta": "",
    "nama_perusahaan": "",
    "nama_lengkap": "Elizabeth Maryana",
    "bidang/badan": "Perdagangan",
    "status": ""
  },
  {
    "email": "",
    "nomor_kta": "",
    "nama_perusahaan": "",
    "nama_lengkap": "Audist Subekti",
    "bidang/badan": "Perdagangan",
    "status": ""
  },
  {
    "email": "",
    "nomor_kta": "",
    "nama_perusahaan": "",
    "nama_lengkap": "Siswaryudi",
    "bidang/badan": "Perdagangan",
    "status": ""
  },
  {
    "email": "",
    "nomor_kta": "",
    "nama_perusahaan": "",
    "nama_lengkap": "Adnan Pratama",
    "bidang/badan": "Perdagangan",
    "status": ""
  },
  {
    "email": "",
    "nomor_kta": "",
    "nama_perusahaan": "",
    "nama_lengkap": "Roy N Mandey",
    "bidang/badan": "Perdagangan",
    "status": ""
  },
  {
    "email": "",
    "nomor_kta": "",
    "nama_perusahaan": "",
    "nama_lengkap": "Ali Duppa",
    "bidang/badan": "Perdagangan",
    "status": ""
  },
  {
    "email": "",
    "nomor_kta": "",
    "nama_perusahaan": "",
    "nama_lengkap": "Parlin Pasaribu",
    "bidang/badan": "KOMINFO",
    "status": ""
  },
  {
    "email": "",
    "nomor_kta": "",
    "nama_perusahaan": "",
    "nama_lengkap": "Jamaluddin Izza",
    "bidang/badan": "KOMINFO",
    "status": ""
  },
  {
    "email": "",
    "nomor_kta": "",
    "nama_perusahaan": "",
    "nama_lengkap": "Noudhy Valdryno",
    "bidang/badan": "KOMINFO",
    "status": ""
  },
  {
    "email": "",
    "nomor_kta": "",
    "nama_perusahaan": "",
    "nama_lengkap": "Bima Laga",
    "bidang/badan": "KOMINFO",
    "status": ""
  },
  {
    "email": "",
    "nomor_kta": "",
    "nama_perusahaan": "",
    "nama_lengkap": "Fajrin Rasyid",
    "bidang/badan": "KOMINFO",
    "status": ""
  },
  {
    "email": "",
    "nomor_kta": "",
    "nama_perusahaan": "",
    "nama_lengkap": "Harya Mitra Hidayat",
    "bidang/badan": "KOMINFO",
    "status": ""
  },
  {
    "email": "",
    "nomor_kta": "",
    "nama_perusahaan": "",
    "nama_lengkap": "Mohamad Rosidi",
    "bidang/badan": "KOMINFO",
    "status": ""
  },
  {
    "email": "",
    "nomor_kta": "",
    "nama_perusahaan": "",
    "nama_lengkap": "Jaka Nopansyah",
    "bidang/badan": "KOMINFO",
    "status": ""
  },
  {
    "email": "",
    "nomor_kta": "",
    "nama_perusahaan": "",
    "nama_lengkap": "Meygin",
    "bidang/badan": "KOMINFO",
    "status": ""
  },
  {
    "email": "",
    "nomor_kta": "",
    "nama_perusahaan": "",
    "nama_lengkap": "Dian Siswarini",
    "bidang/badan": "KOMINFO",
    "status": ""
  },
  {
    "email": "",
    "nomor_kta": "",
    "nama_perusahaan": "",
    "nama_lengkap": "Imanuel Eka Putra",
    "bidang/badan": "KOMINFO",
    "status": ""
  },
  {
    "email": "",
    "nomor_kta": "",
    "nama_perusahaan": "",
    "nama_lengkap": "Henri Kasfyi Soemartono",
    "bidang/badan": "KOMINFO",
    "status": ""
  },
  {
    "email": "",
    "nomor_kta": "",
    "nama_perusahaan": "",
    "nama_lengkap": "Rofi Uddarojat",
    "bidang/badan": "KOMINFO",
    "status": ""
  },
  {
    "email": "",
    "nomor_kta": "",
    "nama_perusahaan": "",
    "nama_lengkap": "Permadi N. Purnomo",
    "bidang/badan": "KOMINFO",
    "status": ""
  },
  {
    "email": "",
    "nomor_kta": "",
    "nama_perusahaan": "",
    "nama_lengkap": "Ninuk Nur Dewi Sriastuti",
    "bidang/badan": "KOMINFO",
    "status": ""
  },
  {
    "email": "",
    "nomor_kta": "",
    "nama_perusahaan": "",
    "nama_lengkap": "Steven Saerang",
    "bidang/badan": "KOMINFO",
    "status": ""
  },
  {
    "email": "",
    "nomor_kta": "",
    "nama_perusahaan": "",
    "nama_lengkap": "Mahesa Emerio",
    "bidang/badan": "KOMINFO",
    "status": ""
  },
  {
    "email": "",
    "nomor_kta": "",
    "nama_perusahaan": "",
    "nama_lengkap": "Chaerany Putri",
    "bidang/badan": "KOMINFO",
    "status": ""
  },
  {
    "email": "",
    "nomor_kta": "",
    "nama_perusahaan": "",
    "nama_lengkap": "Faizal R Joemadi",
    "bidang/badan": "KOMINFO",
    "status": ""
  },
  {
    "email": "",
    "nomor_kta": "",
    "nama_perusahaan": "",
    "nama_lengkap": "Mulia Narrianti",
    "bidang/badan": "KOMINFO",
    "status": ""
  },
  {
    "email": "",
    "nomor_kta": "",
    "nama_perusahaan": "",
    "nama_lengkap": "Tedja Soemantri",
    "bidang/badan": "OTDA",
    "status": ""
  },
  {
    "email": "",
    "nomor_kta": "",
    "nama_perusahaan": "",
    "nama_lengkap": "Riyad",
    "bidang/badan": "OTDA",
    "status": ""
  },
  {
    "email": "",
    "nomor_kta": "",
    "nama_perusahaan": "",
    "nama_lengkap": "Fulien",
    "bidang/badan": "OTDA",
    "status": ""
  },
  {
    "email": "",
    "nomor_kta": "",
    "nama_perusahaan": "",
    "nama_lengkap": "Nasihin",
    "bidang/badan": "OTDA",
    "status": ""
  },
  {
    "email": "",
    "nomor_kta": "",
    "nama_perusahaan": "",
    "nama_lengkap": "Ade Sjam",
    "bidang/badan": "OTDA",
    "status": ""
  },
  {
    "email": "",
    "nomor_kta": "",
    "nama_perusahaan": "",
    "nama_lengkap": "DEDE S YB GINTING",
    "bidang/badan": "OTDA",
    "status": ""
  },
  {
    "email": "",
    "nomor_kta": "",
    "nama_perusahaan": "",
    "nama_lengkap": "Herman Rachman",
    "bidang/badan": "OTDA",
    "status": ""
  },
  {
    "email": "",
    "nomor_kta": "",
    "nama_perusahaan": "",
    "nama_lengkap": "Benyamin. S",
    "bidang/badan": "OTDA",
    "status": ""
  },
  {
    "email": "",
    "nomor_kta": "",
    "nama_perusahaan": "",
    "nama_lengkap": "Shanty",
    "bidang/badan": "OTDA",
    "status": ""
  },
  {
    "email": "",
    "nomor_kta": "",
    "nama_perusahaan": "",
    "nama_lengkap": "Taridi Ridho",
    "bidang/badan": "OTDA",
    "status": ""
  },
  {
    "email": "",
    "nomor_kta": "",
    "nama_perusahaan": "",
    "nama_lengkap": "Khoe Ribka",
    "bidang/badan": "OTDA",
    "status": ""
  },
  {
    "email": "",
    "nomor_kta": "",
    "nama_perusahaan": "",
    "nama_lengkap": "Hari Ganie",
    "bidang/badan": "ATR",
    "status": ""
  },
  {
    "email": "",
    "nomor_kta": "",
    "nama_perusahaan": "",
    "nama_lengkap": "Aking Saputra",
    "bidang/badan": "ATR",
    "status": ""
  },
  {
    "email": "",
    "nomor_kta": "",
    "nama_perusahaan": "",
    "nama_lengkap": "Netta Saleh",
    "bidang/badan": "ATR",
    "status": ""
  },
  {
    "email": "",
    "nomor_kta": "",
    "nama_perusahaan": "",
    "nama_lengkap": "Marcella Santoso",
    "bidang/badan": "ATR",
    "status": ""
  },
  {
    "email": "",
    "nomor_kta": "",
    "nama_perusahaan": "",
    "nama_lengkap": "Grace Octalian",
    "bidang/badan": "ATR",
    "status": ""
  },
  {
    "email": "",
    "nomor_kta": "",
    "nama_perusahaan": "",
    "nama_lengkap": "Rama Devy (tentative)",
    "bidang/badan": "ATR",
    "status": ""
  },
  {
    "email": "",
    "nomor_kta": "",
    "nama_perusahaan": "",
    "nama_lengkap": "Stephen Then",
    "bidang/badan": "ATR",
    "status": ""
  },
  {
    "email": "",
    "nomor_kta": "",
    "nama_perusahaan": "",
    "nama_lengkap": "Nuril Anwar",
    "bidang/badan": "ATR",
    "status": ""
  },
  {
    "email": "",
    "nomor_kta": "",
    "nama_perusahaan": "",
    "nama_lengkap": "Dwianto Eko Winaryo",
    "bidang/badan": "ATR",
    "status": ""
  },
  {
    "email": "",
    "nomor_kta": "",
    "nama_perusahaan": "",
    "nama_lengkap": "Sarwi Notoatmodjo",
    "bidang/badan": "ESDM",
    "status": ""
  },
  {
    "email": "",
    "nomor_kta": "",
    "nama_perusahaan": "",
    "nama_lengkap": "Satya W Yudha",
    "bidang/badan": "ESDM",
    "status": ""
  },
  {
    "email": "",
    "nomor_kta": "",
    "nama_perusahaan": "",
    "nama_lengkap": "Anwar Mattawape",
    "bidang/badan": "ESDM",
    "status": ""
  },
  {
    "email": "",
    "nomor_kta": "11003-23032729811",
    "nama_perusahaan": "",
    "nama_lengkap": "Wisnu Salman Setiono",
    "bidang/badan": "ESDM",
    "status": ""
  },
  {
    "email": "",
    "nomor_kta": "",
    "nama_perusahaan": "",
    "nama_lengkap": "Djoko Widajatno",
    "bidang/badan": "ESDM",
    "status": ""
  },
  {
    "email": "",
    "nomor_kta": "",
    "nama_perusahaan": "",
    "nama_lengkap": "Umar Rivaldy Pulukadang",
    "bidang/badan": "ESDM",
    "status": ""
  },
  {
    "email": "",
    "nomor_kta": "",
    "nama_perusahaan": "",
    "nama_lengkap": "Surya Batara K",
    "bidang/badan": "ESDM",
    "status": ""
  },
  {
    "email": "",
    "nomor_kta": "",
    "nama_perusahaan": "",
    "nama_lengkap": "Jaqueline Margareth Sahetapy",
    "bidang/badan": "ESDM",
    "status": ""
  },
  {
    "email": "",
    "nomor_kta": "",
    "nama_perusahaan": "",
    "nama_lengkap": "Eva Djauhari",
    "bidang/badan": "ESDM",
    "status": ""
  },
  {
    "email": "",
    "nomor_kta": "",
    "nama_perusahaan": "",
    "nama_lengkap": "Najib Wahab",
    "bidang/badan": "ESDM",
    "status": ""
  },
  {
    "email": "",
    "nomor_kta": "",
    "nama_perusahaan": "",
    "nama_lengkap": "Teuku Rafly Pasya",
    "bidang/badan": "ESDM",
    "status": ""
  },
  {
    "email": "",
    "nomor_kta": "",
    "nama_perusahaan": "",
    "nama_lengkap": "Wawan Adryanto",
    "bidang/badan": "ESDM",
    "status": ""
  },
  {
    "email": "",
    "nomor_kta": "",
    "nama_perusahaan": "",
    "nama_lengkap": "Jaya Wahono",
    "bidang/badan": "ESDM",
    "status": ""
  },
  {
    "email": "",
    "nomor_kta": "",
    "nama_perusahaan": "",
    "nama_lengkap": "M.Tafif Djoenaedi",
    "bidang/badan": "ESDM",
    "status": ""
  },
  {
    "email": "",
    "nomor_kta": "20201-2133285839",
    "nama_perusahaan": "",
    "nama_lengkap": "Lokita Prasetya",
    "bidang/badan": "ESDM",
    "status": ""
  },
  {
    "email": "",
    "nomor_kta": "",
    "nama_perusahaan": "",
    "nama_lengkap": "Samsul Pop",
    "bidang/badan": "ESDM",
    "status": ""
  },
  {
    "email": "",
    "nomor_kta": "",
    "nama_perusahaan": "",
    "nama_lengkap": "Agung Hermawan",
    "bidang/badan": "ESDM",
    "status": ""
  },
  {
    "email": "",
    "nomor_kta": "40401-23082861311",
    "nama_perusahaan": "",
    "nama_lengkap": "Nagara Ardito S",
    "bidang/badan": "ESDM",
    "status": ""
  },
  {
    "email": "",
    "nomor_kta": "20608-23073211611",
    "nama_perusahaan": "",
    "nama_lengkap": "Yovie Priadi",
    "bidang/badan": "ESDM",
    "status": ""
  },
  {
    "email": "",
    "nomor_kta": "",
    "nama_perusahaan": "",
    "nama_lengkap": "Wellem Yan Ramandei",
    "bidang/badan": "ESDM",
    "status": ""
  },
  {
    "email": "",
    "nomor_kta": "20501-14002916",
    "nama_perusahaan": "",
    "nama_lengkap": "Anthony Utomo",
    "bidang/badan": "ESDM",
    "status": ""
  },
  {
    "email": "",
    "nomor_kta": "20201-14097062",
    "nama_perusahaan": "",
    "nama_lengkap": "Jabin Sufanto",
    "bidang/badan": "ESDM",
    "status": ""
  },
  {
    "email": "",
    "nomor_kta": "",
    "nama_perusahaan": "",
    "nama_lengkap": "Tri Hanurita",
    "bidang/badan": "Pemberdayaan Perempuan",
    "status": ""
  },
  {
    "email": "",
    "nomor_kta": "",
    "nama_perusahaan": "",
    "nama_lengkap": "Pandu Sjahrir",
    "bidang/badan": "Badan Pengembangan Keuangan Digital",
    "status": ""
  },
  {
    "email": "",
    "nomor_kta": "",
    "nama_perusahaan": "",
    "nama_lengkap": "Budi Gandasoebrata",
    "bidang/badan": "Badan Pengembangan Keuangan Digital",
    "status": ""
  },
  {
    "email": "",
    "nomor_kta": "",
    "nama_perusahaan": "",
    "nama_lengkap": "Ravindra",
    "bidang/badan": "Badan Pengembangan Keuangan Digital",
    "status": ""
  },
  {
    "email": "adiprawirou@gmail.com",
    "nomor_kta": "20203-23093185311",
    "nama_perusahaan": "PT. Grahadi Digital Technology",
    "nama_lengkap": "Adi Prawiro",
    "bidang/badan": "Hubungan Internasional",
    "status": ""
  },
  {
    "email": "",
    "nomor_kta": "",
    "nama_perusahaan": "",
    "nama_lengkap": "Rachmad Hariotomo",
    "bidang/badan": "Pertanian",
    "status": ""
  },
  {
    "email": "",
    "nomor_kta": "",
    "nama_perusahaan": "",
    "nama_lengkap": "Harry Hanawi",
    "bidang/badan": "Pertanian",
    "status": ""
  },
  {
    "email": "",
    "nomor_kta": "",
    "nama_perusahaan": "",
    "nama_lengkap": "Irwanda Hamdani",
    "bidang/badan": "Pertanian",
    "status": ""
  },
  {
    "email": "",
    "nomor_kta": "",
    "nama_perusahaan": "",
    "nama_lengkap": "Hadiid Assidiq",
    "bidang/badan": "Pertanian",
    "status": ""
  },
  {
    "email": "",
    "nomor_kta": "",
    "nama_perusahaan": "",
    "nama_lengkap": "Pranoto Soenarto",
    "bidang/badan": "Pertanian",
    "status": ""
  },
  {
    "email": "",
    "nomor_kta": "",
    "nama_perusahaan": "",
    "nama_lengkap": "R Wisman Djaja",
    "bidang/badan": "Pertanian",
    "status": ""
  },
  {
    "email": "",
    "nomor_kta": "",
    "nama_perusahaan": "",
    "nama_lengkap": "Sutedjo Halim",
    "bidang/badan": "Pertanian",
    "status": ""
  },
  {
    "email": "",
    "nomor_kta": "",
    "nama_perusahaan": "",
    "nama_lengkap": "Prof Hermanto Siregar",
    "bidang/badan": "Pertanian",
    "status": ""
  },
  {
    "email": "",
    "nomor_kta": "",
    "nama_perusahaan": "",
    "nama_lengkap": "Aditia Rusmawan",
    "bidang/badan": "Pertanian",
    "status": ""
  },
  {
    "email": "",
    "nomor_kta": "",
    "nama_perusahaan": "",
    "nama_lengkap": "Norman Wibowo",
    "bidang/badan": "Pertanian",
    "status": ""
  },
  {
    "email": "agustjandra@gmail.com",
    "nomor_kta": "20203-2212313113",
    "nama_perusahaan": "CV KREASI KREATIF INDONESIA",
    "nama_lengkap": "Agus Tjandra",
    "bidang/badan": "Hubungan Internasional",
    "status": ""
  },
  {
    "email": "",
    "nomor_kta": "",
    "nama_perusahaan": "",
    "nama_lengkap": "Edy Suryadi",
    "bidang/badan": "Pembangunan Kawasan Perbatasan",
    "status": ""
  },
  {
    "email": "",
    "nomor_kta": "",
    "nama_perusahaan": "",
    "nama_lengkap": "Sayid Fadhil",
    "bidang/badan": "Pembangunan Kawasan Perbatasan",
    "status": ""
  },
  {
    "email": "",
    "nomor_kta": "",
    "nama_perusahaan": "",
    "nama_lengkap": "Meliyawati",
    "bidang/badan": "Pembangunan Kawasan Perbatasan",
    "status": ""
  },
  {
    "email": "",
    "nomor_kta": "",
    "nama_perusahaan": "",
    "nama_lengkap": "Ainun Rochani",
    "bidang/badan": "Pembangunan Kawasan Perbatasan",
    "status": ""
  },
  {
    "email": "",
    "nomor_kta": "",
    "nama_perusahaan": "",
    "nama_lengkap": "Sayed Akbar",
    "bidang/badan": "Pembangunan Kawasan Perbatasan",
    "status": ""
  },
  {
    "email": "",
    "nomor_kta": "",
    "nama_perusahaan": "",
    "nama_lengkap": "Irfan Munandar",
    "bidang/badan": "Pembangunan Kawasan Perbatasan",
    "status": ""
  },
  {
    "email": "",
    "nomor_kta": "",
    "nama_perusahaan": "",
    "nama_lengkap": "H.Sabaruddin Panrecalle",
    "bidang/badan": "Pembangunan Kawasan Perbatasan",
    "status": ""
  },
  {
    "email": "",
    "nomor_kta": "",
    "nama_perusahaan": "",
    "nama_lengkap": "Ismail Rasyid",
    "bidang/badan": "Pembangunan Kawasan Perbatasan",
    "status": ""
  },
  {
    "email": "",
    "nomor_kta": "",
    "nama_perusahaan": "",
    "nama_lengkap": "Sayid Andi Maulana",
    "bidang/badan": "Pembangunan Kawasan Perbatasan",
    "status": ""
  },
  {
    "email": "",
    "nomor_kta": "",
    "nama_perusahaan": "",
    "nama_lengkap": "Didi Aulia",
    "bidang/badan": "Pembangunan Kawasan Perbatasan",
    "status": ""
  },
  {
    "email": "",
    "nomor_kta": "",
    "nama_perusahaan": "",
    "nama_lengkap": "Endro",
    "bidang/badan": "Pembangunan Kawasan Perbatasan",
    "status": ""
  },
  {
    "email": "",
    "nomor_kta": "",
    "nama_perusahaan": "",
    "nama_lengkap": "Nasri Alisan",
    "bidang/badan": "Pembangunan Kawasan Perbatasan",
    "status": ""
  },
  {
    "email": "",
    "nomor_kta": "",
    "nama_perusahaan": "",
    "nama_lengkap": "Agus Wisas",
    "bidang/badan": "Ekonomi Daerah",
    "status": ""
  },
  {
    "email": "",
    "nomor_kta": "",
    "nama_perusahaan": "",
    "nama_lengkap": "Guntur Pujiyono",
    "bidang/badan": "Ekonomi Daerah",
    "status": ""
  },
  {
    "email": "",
    "nomor_kta": "",
    "nama_perusahaan": "",
    "nama_lengkap": "Very",
    "bidang/badan": "Ekonomi Daerah",
    "status": ""
  },
  {
    "email": "Batanghari.SM@gmail.com",
    "nomor_kta": "2,02032E+14",
    "nama_perusahaan": "PT. Batanghari Sukses Makmur",
    "nama_lengkap": "Hj. Elysa Pusparani, MBA",
    "bidang/badan": "Ekonomi Daerah",
    "status": ""
  },
  {
    "email": "musiccityfm@gmail.com",
    "nomor_kta": "2,02032E+14",
    "nama_perusahaan": "PT. Radio Mitra Citra",
    "nama_lengkap": "Herawaty Susanto",
    "bidang/badan": "Ekonomi Daerah",
    "status": ""
  },
  {
    "email": "adrianaina.dio@gmail.com",
    "nomor_kta": "20203-23093198011",
    "nama_perusahaan": "PT Agung Concern",
    "nama_lengkap": "Adriana Ina Ratnasari",
    "bidang/badan": "Ekonomi Daerah",
    "status": ""
  },
  {
    "email": "wawan.nurdien@gmail.com",
    "nomor_kta": "20109-23093143611",
    "nama_perusahaan": "PT Bara Alam Rekhannusa",
    "nama_lengkap": "WAWAN NURMAWAN NURDIEN",
    "bidang/badan": "Ekonomi Daerah",
    "status": ""
  },
  {
    "email": "",
    "nomor_kta": "",
    "nama_perusahaan": "",
    "nama_lengkap": "Sofi Suryasnia",
    "bidang/badan": "Ekonomi Daerah",
    "status": ""
  },
  {
    "email": "",
    "nomor_kta": "",
    "nama_perusahaan": "",
    "nama_lengkap": "Imas Shiqdiq",
    "bidang/badan": "SPB",
    "status": ""
  },
  {
    "email": "",
    "nomor_kta": "",
    "nama_perusahaan": "",
    "nama_lengkap": "Ayu Oktavia",
    "bidang/badan": "SPB",
    "status": ""
  },
  {
    "email": "",
    "nomor_kta": "",
    "nama_perusahaan": "",
    "nama_lengkap": "Antoni Guston",
    "bidang/badan": "SPB",
    "status": ""
  },
  {
    "email": "",
    "nomor_kta": "",
    "nama_perusahaan": "",
    "nama_lengkap": "Abdul Malik",
    "bidang/badan": "SPB",
    "status": ""
  },
  {
    "email": "",
    "nomor_kta": "",
    "nama_perusahaan": "",
    "nama_lengkap": "Michael Spica Rampangilei",
    "bidang/badan": "Kesehatan",
    "status": ""
  },
  {
    "email": "",
    "nomor_kta": "",
    "nama_perusahaan": "",
    "nama_lengkap": "Randy Teguh",
    "bidang/badan": "Kesehatan",
    "status": ""
  },
  {
    "email": "",
    "nomor_kta": "",
    "nama_perusahaan": "",
    "nama_lengkap": "Maika Nurhayati",
    "bidang/badan": "Kesehatan",
    "status": ""
  },
  {
    "email": "",
    "nomor_kta": "",
    "nama_perusahaan": "",
    "nama_lengkap": "Hilda Kusumadewi",
    "bidang/badan": "Kesehatan",
    "status": ""
  },
  {
    "email": "",
    "nomor_kta": "",
    "nama_perusahaan": "",
    "nama_lengkap": "Dhaniswara K H",
    "bidang/badan": "Hukum dan HAM",
    "status": ""
  },
  {
    "email": "",
    "nomor_kta": "",
    "nama_perusahaan": "",
    "nama_lengkap": "Rilexya Suryaputra P",
    "bidang/badan": "Hukum dan HAM",
    "status": ""
  },
  {
    "email": "",
    "nomor_kta": "",
    "nama_perusahaan": "",
    "nama_lengkap": "Reno Iskandarsyah",
    "bidang/badan": "Hukum dan HAM",
    "status": ""
  },
  {
    "email": "",
    "nomor_kta": "",
    "nama_perusahaan": "",
    "nama_lengkap": "KamserLumbanradja",
    "bidang/badan": "Hukum dan HAM",
    "status": ""
  },
  {
    "email": "",
    "nomor_kta": "",
    "nama_perusahaan": "",
    "nama_lengkap": "Hanna Marlina",
    "bidang/badan": "Hukum dan HAM",
    "status": ""
  },
  {
    "email": "yugiph@gmail",
    "nomor_kta": "20201-990938586",
    "nama_perusahaan": "Pt asuransi dayin mitra tbk",
    "nama_lengkap": "Yugi Prayanto",
    "bidang/badan": "Ekonomi Kerakyatan",
    "status": ""
  },
  {
    "email": "hong.tjhin@ekatjipta.org",
    "nomor_kta": "2,0202E+12",
    "nama_perusahaan": "PT. Asuransi Sinar Mas",
    "nama_lengkap": "Tjhin Hong Ling",
    "bidang/badan": "Ekonomi Kerakyatan",
    "status": ""
  },
  {
    "email": "",
    "nomor_kta": "",
    "nama_perusahaan": "",
    "nama_lengkap": "Dewa Putu Yohanes Agata L. Sandopart",
    "bidang/badan": "Ekonomi Kerakyatan",
    "status": ""
  },
  {
    "email": "",
    "nomor_kta": "",
    "nama_perusahaan": "",
    "nama_lengkap": "Bambang Brodjonegoro",
    "bidang/badan": "Ekonomi Kerakyatan",
    "status": ""
  },
  {
    "email": "",
    "nomor_kta": "",
    "nama_perusahaan": "",
    "nama_lengkap": "Raldy Engelen Patipelihoy",
    "bidang/badan": "GakkumHankam",
    "status": ""
  },
  {
    "email": "",
    "nomor_kta": "",
    "nama_perusahaan": "",
    "nama_lengkap": "Johanes Martin W",
    "bidang/badan": "GakkumHankam",
    "status": ""
  },
  {
    "email": "",
    "nomor_kta": "",
    "nama_perusahaan": "",
    "nama_lengkap": "Junaidi Elvis",
    "bidang/badan": "GakkumHankam",
    "status": ""
  },
  {
    "email": "",
    "nomor_kta": "",
    "nama_perusahaan": "",
    "nama_lengkap": "Andi Rolan",
    "bidang/badan": "GakkumHankam",
    "status": ""
  },
  {
    "email": "",
    "nomor_kta": "",
    "nama_perusahaan": "",
    "nama_lengkap": "Haris Surahman",
    "bidang/badan": "Badan Hub. Legislatif",
    "status": ""
  },
  {
    "email": "",
    "nomor_kta": "",
    "nama_perusahaan": "",
    "nama_lengkap": "Adi Sulisto",
    "bidang/badan": "Badan Hub. Legislatif",
    "status": ""
  },
  {
    "email": "",
    "nomor_kta": "",
    "nama_perusahaan": "",
    "nama_lengkap": "Nurrdin SH",
    "bidang/badan": "Badan Hub. Legislatif",
    "status": ""
  },
  {
    "email": "",
    "nomor_kta": "",
    "nama_perusahaan": "",
    "nama_lengkap": "Meidya Amora I",
    "bidang/badan": "Badan Hub. Legislatif",
    "status": ""
  },
  {
    "email": "amukhlisyusuf@gmail.com",
    "nomor_kta": "20102-2222316828",
    "nama_perusahaan": "PT Bogor Life Science and Technology (BLST)",
    "nama_lengkap": "Dr Ahmad Mukhlis Yusuf",
    "bidang/badan": "Badan Ekonomi Syariah",
    "status": ""
  },
  {
    "email": "frankasoeria@gmail.com",
    "nomor_kta": "202 032220310558",
    "nama_perusahaan": "PT Marka Marie Moda",
    "nama_lengkap": "Franka Soeria",
    "bidang/badan": "Badan Ekonomi Syariah",
    "status": ""
  },
  {
    "email": "andinurhadimapawa@gmail.com",
    "nomor_kta": "6,04052E+14",
    "nama_perusahaan": "Pt.mapawa sowi gunung indah",
    "nama_lengkap": "Andi Nurhadi",
    "bidang/badan": "Badan Ekonomi Syariah",
    "status": ""
  },
  {
    "email": "ali_syehan@yahoo.com",
    "nomor_kta": "20203-23032251411",
    "nama_perusahaan": "PT CADEN GLOBAL INVESTAMA",
    "nama_lengkap": "Ali Hammad Syehan",
    "bidang/badan": "Badan Ekonomi Syariah",
    "status": ""
  },
  {
    "email": "arifin.beskadin@gmail.com",
    "nomor_kta": "20203-23093186011",
    "nama_perusahaan": "PT Santosha Tekno Utama",
    "nama_lengkap": "Pipin Moh Saeful Arifin",
    "bidang/badan": "Badan Ekonomi Syariah",
    "status": ""
  },
  {
    "email": "",
    "nomor_kta": "",
    "nama_perusahaan": "",
    "nama_lengkap": "Theresia",
    "bidang/badan": "BPKT",
    "status": ""
  },
  {
    "email": "",
    "nomor_kta": "",
    "nama_perusahaan": "",
    "nama_lengkap": "Setyo Maharso",
    "bidang/badan": "BPKT",
    "status": ""
  },
  {
    "email": "",
    "nomor_kta": "",
    "nama_perusahaan": "",
    "nama_lengkap": "Dadang H. Juhro",
    "bidang/badan": "BPKT",
    "status": ""
  },
  {
    "email": "",
    "nomor_kta": "",
    "nama_perusahaan": "",
    "nama_lengkap": "Wahyu Sulistio",
    "bidang/badan": "BPKT",
    "status": ""
  },
  {
    "email": "",
    "nomor_kta": "",
    "nama_perusahaan": "",
    "nama_lengkap": "Metta Ariesta",
    "bidang/badan": "BPKT",
    "status": ""
  },
  {
    "email": "",
    "nomor_kta": "",
    "nama_perusahaan": "",
    "nama_lengkap": "Sutedja Darmono",
    "bidang/badan": "BPKT",
    "status": ""
  }
]